# type (r[1-9];w;u),circuit,name,[comment],[QQ],ZZ,PBSB,[ID],field1,part (m/s),datatypes/templates,divider/values,unit,comment
#,V6100,VR 61,V61 219,,,,,,,,,,
*r,,,,,,"B509","0D",,,,,,
*w,,,,,,"B509","0E",,,,,,
*wi,#install,,,,,"B509","0E",,,,,,
*[SW],scan,,,SW,,,,,,,,,
# ##### general #####,,,,,,,,,,,,,
[SW<202]r;w,,InternalOperatingMode430,InternalOperatingMode430,,,,"3100",,,UCH,0=off;1=manual;2=auto,,operation mode of the second heating circuit for 430
[SW>=202]r;w,,InternalOperatingMode470,InternalOperatingMode470,,,,"3100",,,UCH,2=auto;3=on;4=night;5=summer,,"operation mode of the second heating circuit for 470"
r;w,,TempDesiredLow,DesiredLowTemperature,,,,"1300",,,temp1,,,lowering temperature setpoint of the second heating circuit
r;w,,TempDesiredHigh,DesiredHighTemperature,,,,"3800",,,temp1,,,day temperature setpoint of the second heating circuit,,,
r;w,,HolidayTempDesired,DesiredHolidayTemperature,,,,"1400",,,D1C,,,"4.5=frostprotect, holiday temperature of the second heating circuit"
r;w,,Hc2ManualOPRoomTempDesired,HC2_ManualOPRoomSetpoint,,,,"3400",,,temp1,,,room setpoint in operation mode manual of the second heating circuit
r,,Hc2QuickVetoTemp,HC2_QuickVetoTemp,,,,"3200",,,temp1,,,manual override setpoint of the second heating circuit
r,,DisplayedRoomTempDesired,DisplayedRoomSetpoint,,,,"4800",,,temp,,,
r,,SunMoonInfo,SunMoonInfo,,,,"4700",,,UCH,,,"(2 = sun, 4 = moon)"
# ##### extra #####,,,,,,,,,,,,,
r,,Flow1Sensor,Flow1Sensor,,,,"0000",,,tempsensor,,,second heating circuit's flow temperature and sensorstate
r,,BoilerCircuitPump,BurnerCircuitPump,,,,"2000",,,onoff,,,first heating circuit (burner circuit) pump's state
r,,CirPump,CirculationPump,,,,"0100",,,onoff,,,control state of the circulation respectively loading pump (functionality of the pump depends on the configuration)
r,,Hc1PumpKol1PP1Port,Hk1P_Kol1P_P1_Port,,,,"4200",,,onoff,,,first heating circuit pump's state
r,,Hc2PumpAlPort,Hk2P_Al_Port,,,,"4300",,,onoff,,,second heating circuit (mixer circuit) pump's state
r,,Mixer1DutyCycle,Mixer1DutyCycle,,,,"0200",,,percents,,,"velocity by which the mixer is driven to its end position (positive value: end position is open, negative value: end position is shut)"
r,,Mixer1State,Mixer1State,,,,"0300",,,UCH,,,mixer's state
r,,Hc2CircuitType,HC2_CircuitType,,,,"1E00",,,UCH,0=disabled;1=mixing;2=zone,,type of the second heating circuit
r;wi,,FlowTempMin,MinFlowTemp,,,,"1000",,,temp1,,,lower limitation of the second heating circuit's flow temperature
r;wi,,FlowTempMax,MaxFlowTemp,,,,"1100",,,temp1,,,upper limitation of the second heating circuit's flow temperature
r;wi,,HeatingCurve,Heating curve,,,,"1500",,,curve,,,heating curve of the second heating circuit
r;wi,,Hc2RoomControlMode,HC2_RoomControlMode,,,,"3500",,,UCH,0=off;1=modulating;2=thermostat,,room temperature modulation of the second heating circuit
r;wi,,Hc2SummerOffset,HC2_SummerOffset,,,,"3700",,,calibration1,,,"summer offset of the second heating circuit (if outside temperature > room setpoint + summer offset => heating is OFF; applies to comfort and night setback setpoint; no influence if room temperature modulation is set to ""thermostat"")"
r;wi,,AutoOffMode,AutoOffMode,,,,"1F00",,,UCH,0=frostprotection;1=lowering;2=eco,,operation during the auto-off period
r,,HcParallelStorageFillingEnabled,HcParallelTankFillingEnabled,,,,"2D00",,,onoff,,,enable parallel tank loading
r,,FlowTempDesired,Flow setpoint,,,,"2200",,,temp1,,,flow temperature setpoint of the second heating circuit
r;wi,,FloorPavingDryingDay,FloorPavingDryingDay,,,,"1A00",,,UCH,,,active day of the floor pavement drying function
r,,FloorPavingDryingTemp,FloorPavingDryingTemperature,,,,"0400",,,temp1,,,flow temperature setpoint for the current day of floor pavement drying
# ##### developer's info #####,,,,,,,,,,,,,
r,,Weekday,Weekday,,,,"0B00",,,bday,,,current day of week
r,,Date,Date,,,,"0A00",,,date,,,current date
r,,Time,Time,,,,"0900",,,time,,,current time
r,,ActualTempDesired,ActualDesiredTemp,,,,"2F00",,,temp1,,,current setpoint for the second heating circuit considering all basic conditions passed to the control algorithms
r,,DayNightState,DayNightState,,,,"5000",,,UCH,,,"0 = day, 1 = night"
r,,FrostProtectDelay,FrostProtectDelay,,,,"2500",,,hours,,,delay before frost protection is activated
r,,HcPumpIdlePeriod,HcPumpIdlePeriod,,,,"2800",,,UCH,,,"0=off, heating circuit pump's maximum blocking time for pump's energy saving function"
r,,PreheatingMinutesMax,MaxPreheatingMinutes,,,,"2400",,,UIN,,,"in steps of 10, maximum time of enabling the heating before the heating time window starts"
r,,BoilerMaxPreShutdown,BoilerMaxPreShutdown,,,,"1800",,,UCH,,,"in steps of 10, maximum time of starting the lowering operation before the heating time window ends"
r,,Hc2ContinuosHeating,HC2_ContinuosHeating,,,,"3600",,,SCH,,,"-26=off, when the outside temperature falls below this threshold temperature the continuous heating function is started (off <=> function is disabled)"
r,,HcFlowIncrease,HcFlowIncrease,,,,"1900",,,calibration1,,,excess temperature (flow temperature's setpoint is increased by this value to keep the mixing valve in its control range)
r,,IsInHoliday,Holiday function active,,,,"0800",,,yesno,,,
r,,IsInOneDayHoliday,IsInOneDayHoliday,,,,"5600",,,yesno,,,indicates that the VR61 is in one day holiday mode
r,,IsInBankHoliday,IsInBankHoliday,,,,"5300",,,yesno,,,indicates that the VR61 is in bank holiday mode
r,,IsInOneDayBankHoliday,IsInOneDayBankHoliday,,,,"5200",,,yesno,,,indicates that the VR61 is in one day bank holiday mode
r,,IsInParty,IsInParty,,,,"5500",,,yesno,,,
r,,IsInImpactVentilation,IsInImpactVentilation,,,,"5700",,,yesno,,,indicates that the VR61 is in impact ventilation mode
r,,IsInSystemOff,IsInSystemOff,,,,"5400",,,yesno,,,indicates that the VR61 is in system off mode
r,,Hc2QuickVetoActive,HC2_QuickVetoActive,,,,"3300",,,yesno,,,manual override of the second heating circuit enabled
r,,HcPreHeatingActive,HcPreHeatingActive,,,,"2A00",,,yesno,,,bit-array where a set bit indicates that preheating is active for the corresponding heating circuit
r,,HcPreShutdownActive,HcPreShutdownActive,,,,"2900",,,yesno,,,bit-array where a set bit indicates that early cut off is active for the corresponding heating circuit
r,,HcPumpIdlePeriodActive,HcPumpIdlePeriodActive,,,,"2B00",,,yesno,,,bit-array where a set bit indicates that pump's energy saving function is active for the corresponding heating circuit
r,,MonitorEEpromInkonsiNumber,MonitorEEpromInkonsiNumber,,,,"4600",,,HEX:8,,,identification of the last eight EEPROM inconsistencies
r,,Hc2aLegPumpP2Port,Hk2a_LegP_P2_Port,,,,"4400",,,onoff,,,port: open mixer
r,,Hc2zPort,Hk2z_Port,,,,"4500",,,onoff,,,port: close mixer
r,,Hc2pDemand,Hk2pDemand,,,,"4900",,,onoff,,,
r,,SfState,SfState,,,,"4A00",,,UCH,,,"0 = _SfsNone, 1 = _SfsForceConsumption, 2 = _SfsFloorPavingDrying, 3 = _SfsSummerSwitchOff, 4 =_SfsTankFilling"
r,,PsTempDesired,PsSetpoint,,,,"4C00",,,temp,,,
r,,PumpSavingState,PumpSavingState,,,,"4D00",,,UCH,,,"0 = _PssInactive, 1 = _PssMonitoring, 2 = _PssCounting, 3 = _PssPostrun, 4 = _PssSaving"
r,,OffConfig,OffConfig,,,,"4E00",,,UCH,,,"0 = _OffConfig_Off, 1 = _OffConfig_Low"
r,,FrostProtConfig,FrostProtConfig,,,,"4F00",,,UCH,,,"0 = _FrostProtConfig_Low, 1 = _FrostProtConfig_PumpKick"
r,,FrostProtState,FrostProtState,,,,"4B00",,,UCH,,,"0 = _Fps_NoFrost, 1 = _Fps_Delay, 2 = _Fps_PumpKick, 3 = _Fps_KickOff, 4 = _Fps_Active"
r,,ThermostatState,ThermostatState,,,,"5100",,,UCH,,,"0 = _ThermOn, 1 =_ThermOff"
!include,errors.inc,,,,,,,,,,,,
!include,timerhc.inc,,,,,,,,,,,,
!include,tempsetpoints.inc,,,,,,,,,,,,
!include,iotestbmc.inc,,,,,,,,,,,,
