# type (r[1-9];w;u),circuit,name,[comment],[QQ],ZZ,PBSB,[ID],field1,part (m;s),type / templates,divider / values,unit,comment,field2,part (m;s),type / templates,divider / values,unit,comment,field3,part (m;s),type / templates,divider / values,unit,comment
*b,broadcast,,,,"FE","B516",,,,,,,,,,,,,,,,,,,
*wi,broadcast,,,,"FE","B516",,,,,,,,,,,,,,,,,,,
b;wi,,vdatetime,date/time,,,,"00",time,,BTI,,,,date,,BDA,,,,,,,,,
b,,outsidetemp,outside temperature,,,,"01",,,temp2,,,,,,,,,,,,,,,
*b,broadcast,,,,"FE","B505",,,,,,,,,,,,,,,,,,,
b,,hwcStatus,state hot water,,,,"27",,,onoff,,,,VF1,,temp0,,,,,,onoff,,,
b,,load,quick - hot water tank filling,,,,"06",,,onoff,,,,,,,,,,,,,,,
